ID,Vehicle No,Brand,Amount,Type
10,BIK010,KTM,3000,B
ID,Vehicle No,Brand,Amount,Type
10,BIK010,KTM,3000,B
ID,Vehicle No,Brand,Amount,Type
10,BIK010,KTM,3000,B
ID,Vehicle No,Brand,Amount,Type
10,BIK010,KTM,3000,B
ID,Vehicle No,Brand,Amount,Type
10,BIK010,KTM,3000,B
ID,Vehicle No,Brand,Amount,Type
7,PQR901,Audi,10000,C
ID,Vehicle No,Brand,Amount,Type
10,BIK010,KTM,3000,B
ID,Vehicle No,Brand,Amount,Type
10,BIK010,KTM,3000,B
ID,Vehicle No,Brand,Amount,Type
10,BIK010,KTM,3000,B
ID,Vehicle No,Brand,Amount,Type
10,BIK010,KTM,3000,B
10,BIK010,KTM,3000,B
ID,Vehicle No,Brand,Amount,Type
7,PQR901,Audi,10000,C
ID,Vehicle No,Brand,Amount,Type
10,BIK010,KTM,3000,B
ID,Vehicle No,Brand,Amount,Type
10,BIK010,KTM,3000,B
ID,Vehicle No,Brand,Amount,Type
10,BIK010,KTM,3000,B
ID,Vehicle No,Brand,Amount,Type
10,BIK010,KTM,3000,B
ID,Vehicle No,Brand,Amount,Type
10,BIK010,KTM,3000,B
ID,Vehicle No,Brand,Amount,Type
10,BIK010,KTM,3000,B
10,BIK010,KTM,3000,B,
10,BIK010,KTM,3000,B,
10,BIK010,KTM,3000,B,6390117
10,BIK010,KTM,3000,B,10000
10,BIK010,KTM,3000,B,10000
6,MNO678,BMW,10000,C,8584248
6,MNO678,BMW,10000,C,30000
10,BIK010,KTM,3000,B,10000
10,BIK010,KTM,3000,B,10000
6,MNO678,BMW,10000,C,30000
6,MNO678,BMW,10000,C,30000
2,XYZ456,Honda,10000,C,30000
7,PQR901,Audi,10000,C,30000
7,PQR901,Audi,10000,C,30000
8,TN42,KTM,3000,B,10000
7,PQR901,Audi,10000,C,30000
7,PQR901,Audi,10000,C,30000
7,PQR901,Audi,10000,C,30000
10,BIK010,KTM,3000,B,10000
7,PQR901,Audi,10000,C,30000
5,JKL345,Nissan,30000,C,30000
10,BIK010,KTM,10000,B,10000
10,BIK010,KTM,10000,B,10000
